{
  "description": "项目私有配置文件。此文件中的内容将覆盖 project.config.json 中的相同字段。项目的改动优先同步到此文件中。详见文档：https://developers.weixin.qq.com/miniprogram/dev/devtools/projectconfig.html",
  "projectname": "%E5%B7%B7%E5%AD%90%E6%B7%B1%E8%AF%BE%E5%A0%82%E5%BC%80%E5%8F%91%E7%89%88",
  "setting": {
    "compileHotReLoad": true,
    "urlCheck": true
  },
  "condition": {
    "miniprogram": {
      "list": [
        {
          "name": "",
          "pathName": "pages/news/news",
          "query": "",
          "launchMode": "default",
          "scene": null
        },
        {
          "name": "",
          "pathName": "pages/newsDetail/newsDetail",
          "query": "id=63c38e81e1a35ce43a2689e4",
          "launchMode": "default",
          "scene": null
        },
        {
          "name": "",
          "pathName": "pages/classify/classify",
          "query": "",
          "launchMode": "default",
          "scene": null
        },
        {
          "name": "",
          "pathName": "pages/proDetail/proDetail",
          "query": "",
          "launchMode": "default",
          "scene": null
        }
      ]
    }
  }
}